application_id,date_found,date_applied,company,job_title,job_url,source,location,work_arrangement,experience_required,salary_range,match_score,resume_score,resume_version,cover_letter,application_status,application_method,screening_questions,confirmation_id,confirmation_url,follow_up_date,notes,rejection_reason
RUN20261005-001,2026-10-05,,Reachmore,Social Media Marketing Executive,https://internshala.com/job/detail/fresher-remote-social-media-marketing-executive-job-at-reachmore1790745927,Internshala,Work from home,Remote,0 years / Fresher,"₹2,10,000 - ₹3,30,000/year",83,,Karina_Rohra_Reachmore_SocialMediaMarketingExecutive.md,,Review - Ready,Internshala standard form,Unknown,,,"2026-10-10","Top match. Role, skills, WFH arrangement all aligned. Salary unresolved (TODO). REVIEW ONLY mode - not submitted. Deadline 30 Oct 2026.",
RUN20261005-002,2026-10-05,,KST Ship Trading Private Limited,Junior Social Media Marketing Executive,https://internshala.com/job/detail/fresher-remote-junior-social-media-marketing-executive-job-at-kst-ship-trading-private-limited1790140939,Internshala,Work from home,Remote,0 years / Fresher,₹2,20,000/year,73,,Karina_Rohra_KSTShipTrading_JuniorSocialMediaExecutive.md,,Review - Ready,Internshala standard form,Unknown,,,"2026-10-08","Good social media match. Remote role. Company is ship trading - unusual industry for digital marketing. Salary unresolved. Deadline 23 Oct 2026.",
RUN20261005-003,2026-10-05,,Digital Guruji,Digital Marketing Executive,https://internshala.com/job/detail/fresher-digital-marketing-executive-job-in-delhi-at-digital-guruji1790409106,Internshala,Delhi,On-site,0 years / Fresher,₹3,00,000/year (after probation),75,,Karina_Rohra_DigitalGuruji_DigitalMarketingExecutive.md,,Review - Location Unresolved,Internshala standard form,Unknown,,,"2026-10-10","Strong role match. On-site Delhi. Salary highest among batch (₹3 LPA). Location not configured - cannot confirm Delhi fit. Influencer mgmt in JD not in profile but not required to claim. Deadline 26 Oct 2026.",
RUN20261005-004,2026-10-05,,,Grivaa Consultancy Services,Junior Social Media Marketing Executive,https://internshala.com/job/detail/fresher-remote-junior-social-media-marketing-executive-job-at-grivaa-consultancy-services1789983511,Internshala,Work from home,Remote,0 years / Fresher,"₹2,00,000 - ₹2,70,000/year",62,,,,,Review - Skill Gap,,,,,"Role requires video editing (Runway/HeyGen/Midjourney) and on-camera content - not in profile. Finance niche content required. Proceed only if user confirms video editing skill.",
RUN20261005-005,2026-10-05,,,Anon India,Digital Marketing Executive,https://internshala.com/job/detail/fresher-digital-marketing-executive-job-in-greater-noida-west-at-anon-india1789106531,Internshala,Greater Noida West,On-site,0 years / Fresher,"₹2,00,000 - ₹2,40,000/year",50,,,,,Rejected,,,,,"REJECTED - Role requires video editing/videography/photography. These skills are not verified in master profile. Applying would misrepresent experience.",Video editing/photography/videography required and not in profile
RUN20261005-006,2026-10-05,,,FNS International Private Limited,Social Media Executive,https://internshala.com/job/detail/fresher-social-media-executive-job-in-delhi-at-fns-international-private-limited1789450985,Internshala,Delhi only,On-site,0 years / Fresher,₹2,00,000/year,20,,,,,Rejected,,,,,"REJECTED - Restricted to Delhi candidates only. Requires photography/videography/mass media background. Neither location nor skills verified.",Location restricted to Delhi; photography/videography required
RUN20261005-007,2026-10-05,,,Filly Media Solutions,Digital Marketing Executive – Website SEO & Content,https://internshala.com/job/detail/fresher-digital-marketing-executive--website-seo-content-job-in-gurgaon-at-filly-media-solutions1790153721,Internshala,Gurgaon only,On-site,0 years / Fresher,"₹2,00,000 - ₹2,40,000/year",30,,,,,Rejected,,,,,"REJECTED - Restricted to Gurgaon candidates only per JD. Cannot confirm candidate is from Gurgaon. Strong role fit otherwise.",Location restricted to Gurgaon candidates only
RUN20261005-008,2026-10-05,,,Kwick Nutrition,Social Media Manager,https://jobboard.co.in/social-media_new-delhi-c276446/2026-10-kwick-nutrition_i4225471737,JobBoard.co.in,Delhi NCR (or relocate),On-site,Entry level,Not disclosed,55,,,,,Review - Location & Skill Gap,,,,,"Requires phone-based video shooting/editing. Not in profile. Delhi NCR or relocation required. Apply via email only - manual process.",Video shooting/editing required; location unresolved
RUN20261005-009,2026-10-05,,,Chetan Jadhav,Digital Marketing Executive,https://internshala.com/job/detail/fresher-digital-marketing-executive-job-in-pune-at-chetan-jadhav1788241144,Internshala,Pune,On-site,0 years / Fresher,₹2,00,000/year,0,,,,,Rejected,,,,,"REJECTED - Application deadline was 1 Oct 2026. Listing is expired.",Application deadline passed (1 Oct 2026)
RUN20261005-010,2026-10-05,,,Abhi Thakkar / Wealth Assurity,Digital Marketing Executive,https://internshala.com/job/detail/fresher-remote-digital-marketing-executive-job-at-abhi-thakkar1786945109,Internshala,Work from home,Remote,0 years / Fresher,"₹2,40,000 - ₹4,80,000/year",0,,,,,Rejected,,,,,"REJECTED - Application deadline was 16 Sep 2026. Listing is expired. Role requires Meta Ads/Google Ads as primary responsibilities - paid ads not verified in profile.",Application deadline passed; paid ads primary requirement not in profile
